{"cameraMode":{"drawMode":0,"name":"Shaded","section":"Shading Mode"},"sceneLighting":true,"audioPlay":false,"sceneViewState":{"m_AlwaysRefresh":false,"showFog":true,"showSkybox":true,"showFlares":true,"showImageEffects":true,"showParticleSystems":true,"showVisualEffectGraphs":true,"m_FxEnabled":true},"in2DMode":false,"pivot":{"x":-0.5445504188537598,"y":1.8600695133209229,"z":-0.3597540259361267},"rotation":{"x":-0.1124555766582489,"y":0.037179943174123767,"z":-0.0042062848806381229,"w":-0.9929572343826294},"size":2.309680461883545,"orthographic":false}